Subject ,q,Colony,Bee Age,Thorax Width,Alternating Color,First Choice,p fluct,pBest,Block Number,Starting State
8,0.6,AD1,38,5.08,Blue,Y,0.2,0.8,1,bad
8,0.6,AD1,38,5.08,Blue,Y,0.8,0.3,2,bad
8,0.6,AD1,38,5.08,Blue,Y,0.4,0.7,3,bad
8,0.6,AD1,38,5.08,Blue,Y,0.7,0.6,4,bad
8,0.6,AD1,38,5.08,Blue,Y,0.5,0.5,5,bad
8,0.6,AD1,38,5.08,Blue,Y,0.5,0.6,6,bad
8,0.6,AD1,38,5.08,Blue,Y,0.3,0.3,7,bad
8,0.6,AD1,38,5.08,Blue,Y,0.4,0.4,8,bad
24,0.6,AD3,67,4.11,Yellow,Y,0.8,0.5,1,good
24,0.6,AD3,67,4.11,Yellow,Y,0.2,0.4,2,good
24,0.6,AD3,67,4.11,Yellow,Y,0.3,0.6,3,good
24,0.6,AD3,67,4.11,Yellow,Y,0.5,0.5,4,good
24,0.6,AD3,67,4.11,Yellow,Y,0.3,0.7,5,good
24,0.6,AD3,67,4.11,Yellow,Y,0.7,0.5,6,good
24,0.6,AD3,67,4.11,Yellow,Y,0.3,0.5,7,good
24,0.6,AD3,67,4.11,Yellow,Y,0.4,0.5,8,good
34,0.6,AD4,82,4.09,Yellow,B,0.7,0.6,1,bad
34,0.6,AD4,82,4.09,Yellow,B,0.7,0.5,2,bad
34,0.6,AD4,82,4.09,Yellow,B,1,0.7,3,bad
34,0.6,AD4,82,4.09,Yellow,B,1,0.7,4,bad
34,0.6,AD4,82,4.09,Yellow,B,0.8,0.5,5,bad
34,0.6,AD4,82,4.09,Yellow,B,0.8,0.3,6,bad
34,0.6,AD4,82,4.09,Yellow,B,1,0.9,7,bad
34,0.6,AD4,82,4.09,Yellow,B,0.8,0.4,8,bad
44,0.6,AD5,11,5.56,Yellow,B,0.8,0.7,1,bad
44,0.6,AD5,11,5.56,Yellow,B,0.9,0.4,2,bad
44,0.6,AD5,11,5.56,Yellow,B,0.4,0.8,3,bad
44,0.6,AD5,11,5.56,Yellow,B,0.4,0.5,4,bad
44,0.6,AD5,11,5.56,Yellow,B,0.5,0.7,5,bad
44,0.6,AD5,11,5.56,Yellow,B,0.5,0.3,6,bad
44,0.6,AD5,11,5.56,Yellow,B,1,0.2,7,bad
44,0.6,AD5,11,5.56,Yellow,B,0.7,0.7,8,bad
54,0.6,AD3,31,5.78,Yellow,Y,1,0.5,1,good
54,0.6,AD3,31,5.78,Yellow,Y,0.8,0.8,2,good
54,0.6,AD3,31,5.78,Yellow,Y,0.8,0.6,3,good
54,0.6,AD3,31,5.78,Yellow,Y,0.5,0.8,4,good
54,0.6,AD3,31,5.78,Yellow,Y,0.7,0.8,5,good
54,0.6,AD3,31,5.78,Yellow,Y,0.4,0.6,6,good
54,0.6,AD3,31,5.78,Yellow,Y,0.4,0.4,7,good
54,0.6,AD3,31,5.78,Yellow,Y,0.8,0.6,8,good
66,0.6,AD6,27,5,Yellow,B,0.9,0.3,1,good
66,0.6,AD6,27,5,Yellow,B,1,0.5,2,good
66,0.6,AD6,27,5,Yellow,B,1,0.2,3,good
66,0.6,AD6,27,5,Yellow,B,0.7,0.9,4,good
66,0.6,AD6,27,5,Yellow,B,1,0.8,5,good
66,0.6,AD6,27,5,Yellow,B,1,0.4,6,good
66,0.6,AD6,27,5,Yellow,B,0.8,0.3,7,good
66,0.6,AD6,27,5,Yellow,B,0.9,0.7,8,good
83,0.6,AD5,61,4.92,Blue,B,0.1,0.9,1,good
83,0.6,AD5,61,4.92,Blue,B,0.5,0.6,2,good
83,0.6,AD5,61,4.92,Blue,B,0.2,0.6,3,good
83,0.6,AD5,61,4.92,Blue,B,0.5,0.6,4,good
83,0.6,AD5,61,4.92,Blue,B,0.2,0.4,5,good
83,0.6,AD5,61,4.92,Blue,B,0.1,0.4,6,good
83,0.6,AD5,61,4.92,Blue,B,0.3,0.4,7,good
83,0.6,AD5,61,4.92,Blue,B,0.2,0.4,8,good
91,0.6,AD11,5,4.63,Blue,Y,0.4,0.7,1,bad
91,0.6,AD11,5,4.63,Blue,Y,1,0.8,2,bad
91,0.6,AD11,5,4.63,Blue,Y,0.6,0.4,3,bad
91,0.6,AD11,5,4.63,Blue,Y,0.7,0.6,4,bad
91,0.6,AD11,5,4.63,Blue,Y,0.7,0.4,5,bad
91,0.6,AD11,5,4.63,Blue,Y,0.5,0.5,6,bad
91,0.6,AD11,5,4.63,Blue,Y,0.4,0.5,7,bad
91,0.6,AD11,5,4.63,Blue,Y,0.8,0.7,8,bad
103,0.6,AD15,16,5.21,Yellow,B,0.5,0.4,1,good
103,0.6,AD15,16,5.21,Yellow,B,0.4,0.7,2,good
103,0.6,AD15,16,5.21,Yellow,B,0.8,0.5,3,good
103,0.6,AD15,16,5.21,Yellow,B,0.3,0.5,4,good
103,0.6,AD15,16,5.21,Yellow,B,0.5,0.5,5,good
103,0.6,AD15,16,5.21,Yellow,B,0.5,0.5,6,good
103,0.6,AD15,16,5.21,Yellow,B,0.6,0.4,7,good
103,0.6,AD15,16,5.21,Yellow,B,0.4,0.5,8,good
114,0.6,AD15,11,5.29,Yellow,B,0.3,0.5,1,good
114,0.6,AD15,11,5.29,Yellow,B,0.8,0.3,2,good
114,0.6,AD15,11,5.29,Yellow,B,0.5,0.5,3,good
114,0.6,AD15,11,5.29,Yellow,B,0.7,0.6,4,good
114,0.6,AD15,11,5.29,Yellow,B,0.5,0.6,5,good
114,0.6,AD15,11,5.29,Yellow,B,0.4,0.8,6,good
114,0.6,AD15,11,5.29,Yellow,B,0.5,0.4,7,good
114,0.6,AD15,11,5.29,Yellow,B,0.3,0.4,8,good
132,0.6,AD15,34,4.88,Blue,B,0.6,0.6,1,good
132,0.6,AD15,34,4.88,Blue,B,0.2,0.5,2,good
132,0.6,AD15,34,4.88,Blue,B,0.3,0.5,3,good
132,0.6,AD15,34,4.88,Blue,B,0.5,0.4,4,good
132,0.6,AD15,34,4.88,Blue,B,0.3,0.3,5,good
132,0.6,AD15,34,4.88,Blue,B,0.5,0.4,6,good
132,0.6,AD15,34,4.88,Blue,B,0.3,0.4,7,good
132,0.6,AD15,34,4.88,Blue,B,0.5,0.6,8,good
141,0.6,AD15,25,5.07,Blue,B,0.5,0.8,1,bad
141,0.6,AD15,25,5.07,Blue,B,0.1,0.6,2,bad
141,0.6,AD15,25,5.07,Blue,B,0.3,0.3,3,bad
141,0.6,AD15,25,5.07,Blue,B,0.3,0.5,4,bad
141,0.6,AD15,25,5.07,Blue,B,0.3,0.6,5,bad
141,0.6,AD15,25,5.07,Blue,B,0.2,0.3,6,bad
141,0.6,AD15,25,5.07,Blue,B,0.2,0.3,7,bad
141,0.6,AD15,25,5.07,Blue,B,0.7,0.5,8,bad
166,0.6,AD15,13,5.53,Blue,Y,0,0.4,1,bad
166,0.6,AD15,13,5.53,Blue,Y,0.1,0.5,2,bad
166,0.6,AD15,13,5.53,Blue,Y,0,0.7,3,bad
166,0.6,AD15,13,5.53,Blue,Y,0,0.3,4,bad
166,0.6,AD15,13,5.53,Blue,Y,0.1,0.8,5,bad
166,0.6,AD15,13,5.53,Blue,Y,0.4,0.5,6,bad
166,0.6,AD15,13,5.53,Blue,Y,0.5,0.5,7,bad
166,0.6,AD15,13,5.53,Blue,Y,0.3,0.5,8,bad
169,0.6,AD16,67,4.71,Blue,B,0.5,0.6,1,good
169,0.6,AD16,67,4.71,Blue,B,0.8,0.6,2,good
169,0.6,AD16,67,4.71,Blue,B,0.8,0.5,3,good
169,0.6,AD16,67,4.71,Blue,B,0.8,0.3,4,good
169,0.6,AD16,67,4.71,Blue,B,1,0.4,5,good
169,0.6,AD16,67,4.71,Blue,B,0.6,0.5,6,good
169,0.6,AD16,67,4.71,Blue,B,0.4,0.6,7,good
169,0.6,AD16,67,4.71,Blue,B,0.4,0.6,8,good
185,0.6,AD18,10,5.2,Yellow,B,0.5,0.6,1,good
185,0.6,AD18,10,5.2,Yellow,B,1,0.6,2,good
185,0.6,AD18,10,5.2,Yellow,B,0.5,0.3,3,good
185,0.6,AD18,10,5.2,Yellow,B,0.6,0.4,4,good
185,0.6,AD18,10,5.2,Yellow,B,0,0.4,5,good
185,0.6,AD18,10,5.2,Yellow,B,0.1,0.7,6,good
185,0.6,AD18,10,5.2,Yellow,B,0,0.7,7,good
185,0.6,AD18,10,5.2,Yellow,B,0.3,0.3,8,good
226,0.6,AD16,46,5.27,Blue,B,0.4,0.6,1,bad
226,0.6,AD16,46,5.27,Blue,B,0.1,0.8,2,bad
226,0.6,AD16,46,5.27,Blue,B,0.3,0.6,3,bad
226,0.6,AD16,46,5.27,Blue,B,0.2,0.3,4,bad
226,0.6,AD16,46,5.27,Blue,B,0.4,0.3,5,bad
226,0.6,AD16,46,5.27,Blue,B,0.3,0.6,6,bad
226,0.6,AD16,46,5.27,Blue,B,0.6,0.6,7,bad
226,0.6,AD16,46,5.27,Blue,B,0.2,0.6,8,bad
10,0.73,AD1,15,4.59,Yellow,Y,0.4,0.2,1,good
10,0.73,AD1,15,4.59,Yellow,Y,0.4,0.4,2,good
10,0.73,AD1,15,4.59,Yellow,Y,0.4,0.6,3,good
10,0.73,AD1,15,4.59,Yellow,Y,0.1,0.6,4,good
10,0.73,AD1,15,4.59,Yellow,Y,0.1,0.7,5,good
10,0.73,AD1,15,4.59,Yellow,Y,0.4,0.5,6,good
10,0.73,AD1,15,4.59,Yellow,Y,0.8,0.6,7,good
10,0.73,AD1,15,4.59,Yellow,Y,0.9,0.4,8,good
16,0.73,AD3,43,5.39,Yellow,Y,0.9,0.4,1,good
16,0.73,AD3,43,5.39,Yellow,Y,0.6,0.3,2,good
16,0.73,AD3,43,5.39,Yellow,Y,0.3,0.5,3,good
16,0.73,AD3,43,5.39,Yellow,Y,0.3,0.4,4,good
16,0.73,AD3,43,5.39,Yellow,Y,0,0.8,5,good
16,0.73,AD3,43,5.39,Yellow,Y,0.1,0.9,6,good
16,0.73,AD3,43,5.39,Yellow,Y,0.1,0.2,7,good
16,0.73,AD3,43,5.39,Yellow,Y,0.1,0.6,8,good
28,0.73,AD4,72,5.35,Yellow,Y,0.7,0.7,1,good
28,0.73,AD4,72,5.35,Yellow,Y,0.8,0.3,2,good
28,0.73,AD4,72,5.35,Yellow,Y,0.7,0.2,3,good
28,0.73,AD4,72,5.35,Yellow,Y,0.9,0.3,4,good
28,0.73,AD4,72,5.35,Yellow,Y,1,0.3,5,good
28,0.73,AD4,72,5.35,Yellow,Y,1,0.4,6,good
28,0.73,AD4,72,5.35,Yellow,Y,1,0.7,7,good
28,0.73,AD4,72,5.35,Yellow,Y,1,0.5,8,good
38,0.73,AD5,5,3.89,Yellow,Y,0.4,0.3,1,bad
38,0.73,AD5,5,3.89,Yellow,Y,0.7,0.2,2,bad
38,0.73,AD5,5,3.89,Yellow,Y,0.9,0.2,3,bad
38,0.73,AD5,5,3.89,Yellow,Y,0.5,0.7,4,bad
38,0.73,AD5,5,3.89,Yellow,Y,0.7,0.7,5,bad
38,0.73,AD5,5,3.89,Yellow,Y,0.8,0.6,6,bad
38,0.73,AD5,5,3.89,Yellow,Y,0,0.4,7,bad
38,0.73,AD5,5,3.89,Yellow,Y,0.1,0.7,8,bad
50,0.73,AD3,90,4.99,Blue,Y,0,0.3,1,good
50,0.73,AD3,90,4.99,Blue,Y,0.3,0.4,2,good
50,0.73,AD3,90,4.99,Blue,Y,0.3,0.7,3,good
50,0.73,AD3,90,4.99,Blue,Y,0.1,0.7,4,good
50,0.73,AD3,90,4.99,Blue,Y,0.3,0.5,5,good
50,0.73,AD3,90,4.99,Blue,Y,0.8,0.4,6,good
50,0.73,AD3,90,4.99,Blue,Y,0.6,0.3,7,good
50,0.73,AD3,90,4.99,Blue,Y,0.4,0.7,8,good
72,0.73,AD6,38,4.61,Yellow,Y,0.8,0.7,1,good
72,0.73,AD6,38,4.61,Yellow,Y,0.9,0.6,2,good
72,0.73,AD6,38,4.61,Yellow,Y,1,0.5,3,good
72,0.73,AD6,38,4.61,Yellow,Y,1,0.6,4,good
72,0.73,AD6,38,4.61,Yellow,Y,0.8,0.7,5,good
72,0.73,AD6,38,4.61,Yellow,Y,1,0.9,6,good
72,0.73,AD6,38,4.61,Yellow,Y,1,0.4,7,good
72,0.73,AD6,38,4.61,Yellow,Y,1,0.6,8,good
89,0.73,AD6,59,4.58,Blue,Y,0.6,0.6,1,bad
89,0.73,AD6,59,4.58,Blue,Y,0.3,0.5,2,bad
89,0.73,AD6,59,4.58,Blue,Y,0.9,0.4,3,bad
89,0.73,AD6,59,4.58,Blue,Y,0.5,0.5,4,bad
89,0.73,AD6,59,4.58,Blue,Y,0.3,0.4,5,bad
89,0.73,AD6,59,4.58,Blue,Y,0.4,0.5,6,bad
89,0.73,AD6,59,4.58,Blue,Y,0.2,0.6,7,bad
89,0.73,AD6,59,4.58,Blue,Y,0.3,0.4,8,bad
98,0.73,AD11,11,4.8,Blue,Y,0.2,0.4,1,good
98,0.73,AD11,11,4.8,Blue,Y,0,0.3,2,good
98,0.73,AD11,11,4.8,Blue,Y,0.1,0.2,3,good
98,0.73,AD11,11,4.8,Blue,Y,0.2,0.7,4,good
98,0.73,AD11,11,4.8,Blue,Y,0,0.9,5,good
98,0.73,AD11,11,4.8,Blue,Y,0,0,6,good
98,0.73,AD11,11,4.8,Blue,Y,0.1,0.3,7,good
98,0.73,AD11,11,4.8,Blue,Y,0.3,0.4,8,good
120,0.73,AD15,5,6.43,Yellow,B,0.4,0.4,1,good
120,0.73,AD15,5,6.43,Yellow,B,0.6,0.4,2,good
120,0.73,AD15,5,6.43,Yellow,B,0.3,0.6,3,good
120,0.73,AD15,5,6.43,Yellow,B,0.2,0.2,4,good
120,0.73,AD15,5,6.43,Yellow,B,0.1,0.6,5,good
120,0.73,AD15,5,6.43,Yellow,B,0.5,0.6,6,good
120,0.73,AD15,5,6.43,Yellow,B,0.5,0.4,7,good
120,0.73,AD15,5,6.43,Yellow,B,0.3,0.4,8,good
126,0.73,AD15,5,5.68,Yellow,B,0.7,0.5,1,good
126,0.73,AD15,5,5.68,Yellow,B,0.5,0.4,2,good
126,0.73,AD15,5,5.68,Yellow,B,0.5,0.6,3,good
126,0.73,AD15,5,5.68,Yellow,B,0.6,0.3,4,good
126,0.73,AD15,5,5.68,Yellow,B,0.5,0.4,5,good
126,0.73,AD15,5,5.68,Yellow,B,0.8,0.3,6,good
126,0.73,AD15,5,5.68,Yellow,B,0.4,0.4,7,good
126,0.73,AD15,5,5.68,Yellow,B,0.6,0.4,8,good
133,0.73,AD15,31,4.36,Blue,Y,0.8,0.5,1,good
133,0.73,AD15,31,4.36,Blue,Y,0.9,0.6,2,good
133,0.73,AD15,31,4.36,Blue,Y,0.7,0.7,3,good
133,0.73,AD15,31,4.36,Blue,Y,1,0.7,4,good
133,0.73,AD15,31,4.36,Blue,Y,0.9,0.5,5,good
133,0.73,AD15,31,4.36,Blue,Y,0.8,0.3,6,good
133,0.73,AD15,31,4.36,Blue,Y,0.7,0.7,7,good
133,0.73,AD15,31,4.36,Blue,Y,0.9,0.7,8,good
151,0.73,AD16,67,5.44,Blue,Y,0.2,0.6,1,bad
151,0.73,AD16,67,5.44,Blue,Y,0.2,0.4,2,bad
151,0.73,AD16,67,5.44,Blue,Y,0.4,0.5,3,bad
151,0.73,AD16,67,5.44,Blue,Y,0.2,0.3,4,bad
151,0.73,AD16,67,5.44,Blue,Y,0.4,0.6,5,bad
151,0.73,AD16,67,5.44,Blue,Y,0.4,0.6,6,bad
151,0.73,AD16,67,5.44,Blue,Y,0.3,0.3,7,bad
151,0.73,AD16,67,5.44,Blue,Y,0.6,0.6,8,bad
167,0.73,AD15,28,4.55,Blue,B,0.8,0.6,1,good
167,0.73,AD15,28,4.55,Blue,B,0.2,0.8,2,good
167,0.73,AD15,28,4.55,Blue,B,0.3,0.8,3,good
167,0.73,AD15,28,4.55,Blue,B,0.3,0.2,4,good
167,0.73,AD15,28,4.55,Blue,B,0.1,0.7,5,good
167,0.73,AD15,28,4.55,Blue,B,0.4,0.6,6,good
167,0.73,AD15,28,4.55,Blue,B,0.5,0.3,7,good
167,0.73,AD15,28,4.55,Blue,B,0.4,0.4,8,good
170,0.73,AD16,50,4.13,Blue,B,0.3,0.6,1,bad
170,0.73,AD16,50,4.13,Blue,B,0.3,0.5,2,bad
170,0.73,AD16,50,4.13,Blue,B,0.4,0.4,3,bad
170,0.73,AD16,50,4.13,Blue,B,0.4,0.9,4,bad
170,0.73,AD16,50,4.13,Blue,B,0.4,0.6,5,bad
170,0.73,AD16,50,4.13,Blue,B,0.3,0.5,6,bad
170,0.73,AD16,50,4.13,Blue,B,0.2,0.6,7,bad
170,0.73,AD16,50,4.13,Blue,B,0.7,0.3,8,bad
189,0.73,AD15,9,6.08,Blue,B,0.3,0.5,1,bad
189,0.73,AD15,9,6.08,Blue,B,0.4,0.6,2,bad
189,0.73,AD15,9,6.08,Blue,B,0.4,0.9,3,bad
189,0.73,AD15,9,6.08,Blue,B,0.6,0.6,4,bad
189,0.73,AD15,9,6.08,Blue,B,0.7,0.5,5,bad
189,0.73,AD15,9,6.08,Blue,B,0.2,0.8,6,bad
189,0.73,AD15,9,6.08,Blue,B,0.7,0.4,7,bad
189,0.73,AD15,9,6.08,Blue,B,0.4,0.5,8,bad
193,0.73,AD15,11,5.28,Yellow,Y,1,0.8,1,good
193,0.73,AD15,11,5.28,Yellow,Y,0.7,0.2,2,good
193,0.73,AD15,11,5.28,Yellow,Y,0.4,0.5,3,good
193,0.73,AD15,11,5.28,Yellow,Y,0.9,0.5,4,good
193,0.73,AD15,11,5.28,Yellow,Y,0.5,0.6,5,good
193,0.73,AD15,11,5.28,Yellow,Y,0.7,0.6,6,good
193,0.73,AD15,11,5.28,Yellow,Y,0.8,0.6,7,good
193,0.73,AD15,11,5.28,Yellow,Y,0.7,0.7,8,good
210,0.73,AD18,6,6.4,Yellow,Y,1,0.9,1,good
210,0.73,AD18,6,6.4,Yellow,Y,0.8,0.3,2,good
210,0.73,AD18,6,6.4,Yellow,Y,0.5,0.6,3,good
210,0.73,AD18,6,6.4,Yellow,Y,0.6,0.3,4,good
210,0.73,AD18,6,6.4,Yellow,Y,0.4,0.5,5,good
210,0.73,AD18,6,6.4,Yellow,Y,0.3,0.4,6,good
210,0.73,AD18,6,6.4,Yellow,Y,0.3,0.5,7,good
210,0.73,AD18,6,6.4,Yellow,Y,0.3,0.6,8,good
228,0.73,AD16,9,5.05,Yellow,B,0.5,0.7,1,good
228,0.73,AD16,9,5.05,Yellow,B,0.5,0.5,2,good
228,0.73,AD16,9,5.05,Yellow,B,0.8,0.6,3,good
228,0.73,AD16,9,5.05,Yellow,B,0.6,0.4,4,good
228,0.73,AD16,9,5.05,Yellow,B,0.7,0.7,5,good
228,0.73,AD16,9,5.05,Yellow,B,0.8,0.3,6,good
228,0.73,AD16,9,5.05,Yellow,B,1,0.5,7,good
228,0.73,AD16,9,5.05,Yellow,B,1,0.5,8,good
5,0.86,AD1,35,4.29,Blue,Y,0.1,0.8,1,good
5,0.86,AD1,35,4.29,Blue,Y,0,0.8,2,good
5,0.86,AD1,35,4.29,Blue,Y,0.1,0.9,3,good
5,0.86,AD1,35,4.29,Blue,Y,0.5,0.8,4,good
5,0.86,AD1,35,4.29,Blue,Y,0.4,0.6,5,good
5,0.86,AD1,35,4.29,Blue,Y,0.4,0.5,6,good
5,0.86,AD1,35,4.29,Blue,Y,0.3,0.2,7,good
5,0.86,AD1,35,4.29,Blue,Y,0.6,0.6,8,good
18,0.86,AD3,50,5.16,Yellow,Y,0.9,0.6,1,bad
18,0.86,AD3,50,5.16,Yellow,Y,0.5,0.8,2,bad
18,0.86,AD3,50,5.16,Yellow,Y,0.8,0.4,3,bad
18,0.86,AD3,50,5.16,Yellow,Y,1,0.3,4,bad
18,0.86,AD3,50,5.16,Yellow,Y,1,1,5,bad
18,0.86,AD3,50,5.16,Yellow,Y,0.9,0.9,6,bad
18,0.86,AD3,50,5.16,Yellow,Y,0.9,0.9,7,bad
18,0.86,AD3,50,5.16,Yellow,Y,1,0,8,bad
27,0.86,AD4,62,5.96,Blue,Y,0.1,0.7,1,good
27,0.86,AD4,62,5.96,Blue,Y,0.1,0.8,2,good
27,0.86,AD4,62,5.96,Blue,Y,0.4,0.8,3,good
27,0.86,AD4,62,5.96,Blue,Y,0.3,0.3,4,good
27,0.86,AD4,62,5.96,Blue,Y,0.6,0.7,5,good
27,0.86,AD4,62,5.96,Blue,Y,0.5,0.5,6,good
27,0.86,AD4,62,5.96,Blue,Y,0.6,0.6,7,good
27,0.86,AD4,62,5.96,Blue,Y,1,0.5,8,good
45,0.86,AD5,15,4.59,Yellow,B,0.5,0.6,1,bad
45,0.86,AD5,15,4.59,Yellow,B,0.8,0.7,2,bad
45,0.86,AD5,15,4.59,Yellow,B,0,0.7,3,bad
45,0.86,AD5,15,4.59,Yellow,B,0.1,0.9,4,bad
45,0.86,AD5,15,4.59,Yellow,B,0.2,0.8,5,bad
45,0.86,AD5,15,4.59,Yellow,B,0.3,0.5,6,bad
45,0.86,AD5,15,4.59,Yellow,B,0.3,0.4,7,bad
45,0.86,AD5,15,4.59,Yellow,B,0.2,0.7,8,bad
56,0.86,AD6,21,4.68,Blue,Y,0.5,0.5,1,bad
56,0.86,AD6,21,4.68,Blue,Y,0.8,0.6,2,bad
56,0.86,AD6,21,4.68,Blue,Y,0.6,0.4,3,bad
56,0.86,AD6,21,4.68,Blue,Y,0.7,0.6,4,bad
56,0.86,AD6,21,4.68,Blue,Y,1,0.6,5,bad
56,0.86,AD6,21,4.68,Blue,Y,0.6,0.6,6,bad
56,0.86,AD6,21,4.68,Blue,Y,0.4,0.6,7,bad
56,0.86,AD6,21,4.68,Blue,Y,0.5,0.4,8,bad
61,0.86,AD6,23,5.53,Yellow,Y,0.7,0.6,1,good
61,0.86,AD6,23,5.53,Yellow,Y,0.9,0.6,2,good
61,0.86,AD6,23,5.53,Yellow,Y,0.4,0.4,3,good
61,0.86,AD6,23,5.53,Yellow,Y,0.4,0.3,4,good
61,0.86,AD6,23,5.53,Yellow,Y,0.5,0.8,5,good
61,0.86,AD6,23,5.53,Yellow,Y,0.3,0.3,6,good
61,0.86,AD6,23,5.53,Yellow,Y,0.6,0.7,7,good
61,0.86,AD6,23,5.53,Yellow,Y,0.5,0.5,8,good
88,0.86,AD11,6,4.98,Blue,Y,0,0.5,1,good
88,0.86,AD11,6,4.98,Blue,Y,0.1,0.5,2,good
88,0.86,AD11,6,4.98,Blue,Y,0.3,0.7,3,good
88,0.86,AD11,6,4.98,Blue,Y,0.1,0.8,4,good
88,0.86,AD11,6,4.98,Blue,Y,0.1,0.9,5,good
88,0.86,AD11,6,4.98,Blue,Y,0.1,0.6,6,good
88,0.86,AD11,6,4.98,Blue,Y,0.1,0.7,7,good
88,0.86,AD11,6,4.98,Blue,Y,0.1,0.4,8,good
100,0.86,AD15,16,4.94,Blue,B,0.4,0.6,1,bad
100,0.86,AD15,16,4.94,Blue,B,0.4,0.6,2,bad
100,0.86,AD15,16,4.94,Blue,B,0.1,0.2,3,bad
100,0.86,AD15,16,4.94,Blue,B,0.3,0.5,4,bad
100,0.86,AD15,16,4.94,Blue,B,0.2,0.8,5,bad
100,0.86,AD15,16,4.94,Blue,B,0,0.8,6,bad
100,0.86,AD15,16,4.94,Blue,B,0.1,0.1,7,bad
100,0.86,AD15,16,4.94,Blue,B,0,0.7,8,bad
119,0.86,AD15,9,5.42,Yellow,Y,0.3,0.7,1,bad
119,0.86,AD15,9,5.42,Yellow,Y,0.8,0.5,2,bad
119,0.86,AD15,9,5.42,Yellow,Y,0.5,0.7,3,bad
119,0.86,AD15,9,5.42,Yellow,Y,0.8,0.2,4,bad
119,0.86,AD15,9,5.42,Yellow,Y,1,0.8,5,bad
119,0.86,AD15,9,5.42,Yellow,Y,0.9,0.1,6,bad
119,0.86,AD15,9,5.42,Yellow,Y,1,1,7,bad
119,0.86,AD15,9,5.42,Yellow,Y,0.8,0.6,8,bad
127,0.86,AD15,12,4.94,Yellow,B,0,0.1,1,good
127,0.86,AD15,12,4.94,Yellow,B,0.1,0.7,2,good
127,0.86,AD15,12,4.94,Yellow,B,0.3,0.7,3,good
127,0.86,AD15,12,4.94,Yellow,B,0.3,0.7,4,good
127,0.86,AD15,12,4.94,Yellow,B,0.1,0.7,5,good
127,0.86,AD15,12,4.94,Yellow,B,0.1,0.8,6,good
127,0.86,AD15,12,4.94,Yellow,B,0.3,0.5,7,good
127,0.86,AD15,12,4.94,Yellow,B,0.5,0.6,8,good
143,0.86,AD15,22,5.35,Blue,Y,0.8,0.6,1,good
143,0.86,AD15,22,5.35,Blue,Y,0.1,0.5,2,good
143,0.86,AD15,22,5.35,Blue,Y,0.2,0.6,3,good
143,0.86,AD15,22,5.35,Blue,Y,0.5,0.7,4,good
143,0.86,AD15,22,5.35,Blue,Y,0.4,0.6,5,good
143,0.86,AD15,22,5.35,Blue,Y,0.5,0.6,6,good
143,0.86,AD15,22,5.35,Blue,Y,0.4,0.4,7,good
143,0.86,AD15,22,5.35,Blue,Y,0.4,0.6,8,good
149,0.86,AD18,9,5.5,Yellow,B,0.4,0.7,1,bad
149,0.86,AD18,9,5.5,Yellow,B,0.9,0.5,2,bad
149,0.86,AD18,9,5.5,Yellow,B,0.5,0.4,3,bad
149,0.86,AD18,9,5.5,Yellow,B,0.5,0.5,4,bad
149,0.86,AD18,9,5.5,Yellow,B,0.7,0.6,5,bad
149,0.86,AD18,9,5.5,Yellow,B,0.4,0.6,6,bad
149,0.86,AD18,9,5.5,Yellow,B,0.5,0.5,7,bad
149,0.86,AD18,9,5.5,Yellow,B,0.1,0.7,8,bad
160,0.86,AD16,57,5.21,Blue,Y,0.2,0.5,1,bad
160,0.86,AD16,57,5.21,Blue,Y,0.1,0.3,2,bad
160,0.86,AD16,57,5.21,Blue,Y,0.2,0.7,3,bad
160,0.86,AD16,57,5.21,Blue,Y,0.3,0.6,4,bad
160,0.86,AD16,57,5.21,Blue,Y,0.1,0.6,5,bad
160,0.86,AD16,57,5.21,Blue,Y,0.2,0.7,6,bad
160,0.86,AD16,57,5.21,Blue,Y,0.3,0.5,7,bad
160,0.86,AD16,57,5.21,Blue,Y,0,0.5,8,bad
173,0.86,AD16,53,5.46,Blue,B,0.4,0.2,1,bad
173,0.86,AD16,53,5.46,Blue,B,0.2,0.6,2,bad
173,0.86,AD16,53,5.46,Blue,B,0.2,0.2,3,bad
173,0.86,AD16,53,5.46,Blue,B,0.4,0.7,4,bad
173,0.86,AD16,53,5.46,Blue,B,0.1,0.6,5,bad
173,0.86,AD16,53,5.46,Blue,B,0.4,0.6,6,bad
173,0.86,AD16,53,5.46,Blue,B,0.3,0.4,7,bad
173,0.86,AD16,53,5.46,Blue,B,0.1,0.3,8,bad
207,0.86,AD16,73,5.17,Blue,B,0.1,0.9,1,good
207,0.86,AD16,73,5.17,Blue,B,0,0.9,2,good
207,0.86,AD16,73,5.17,Blue,B,0,0,3,good
207,0.86,AD16,73,5.17,Blue,B,0.2,0.2,4,good
207,0.86,AD16,73,5.17,Blue,B,0.3,0.8,5,good
207,0.86,AD16,73,5.17,Blue,B,0.7,0.7,6,good
207,0.86,AD16,73,5.17,Blue,B,0.3,0.2,7,good
207,0.86,AD16,73,5.17,Blue,B,0.2,0.7,8,good
1,0.99,AD1,27,4.65,Blue,B,0.2,0.2,1,good
1,0.99,AD1,27,4.65,Blue,B,0,0,2,good
1,0.99,AD1,27,4.65,Blue,B,0,0,3,good
1,0.99,AD1,27,4.65,Blue,B,0.3,0.3,4,good
1,0.99,AD1,27,4.65,Blue,B,0,0,5,good
1,0.99,AD1,27,4.65,Blue,B,0.6,0.6,6,good
1,0.99,AD1,27,4.65,Blue,B,0.6,0.6,7,good
1,0.99,AD1,27,4.65,Blue,B,0.2,0.2,8,good
23,0.99,AD3,66,4.57,Blue,Y,0.9,0.4,1,good
23,0.99,AD3,66,4.57,Blue,Y,0.8,0.2,2,good
23,0.99,AD3,66,4.57,Blue,Y,0.8,0.2,3,good
23,0.99,AD3,66,4.57,Blue,Y,0.4,0.6,4,good
23,0.99,AD3,66,4.57,Blue,Y,0.4,0.6,5,good
23,0.99,AD3,66,4.57,Blue,Y,0.3,0.7,6,good
23,0.99,AD3,66,4.57,Blue,Y,0.2,0.8,7,good
23,0.99,AD3,66,4.57,Blue,Y,0,1,8,good
26,0.99,AD4,61,5.49,Yellow,Y,0.6,0.6,1,good
26,0.99,AD4,61,5.49,Yellow,Y,0.7,0.7,2,good
26,0.99,AD4,61,5.49,Yellow,Y,0.8,0.8,3,good
26,0.99,AD4,61,5.49,Yellow,Y,0.9,0.9,4,good
26,0.99,AD4,61,5.49,Yellow,Y,1,1,5,good
26,0.99,AD4,61,5.49,Yellow,Y,1,1,6,good
26,0.99,AD4,61,5.49,Yellow,Y,1,0.6,7,good
26,0.99,AD4,61,5.49,Yellow,Y,0.9,0.1,8,good
41,0.99,AD5,11,5.14,Blue,B,0.2,0.2,1,good
41,0.99,AD5,11,5.14,Blue,B,0.5,0.5,2,good
41,0.99,AD5,11,5.14,Blue,B,0.5,0.5,3,good
41,0.99,AD5,11,5.14,Blue,B,0.2,0.2,4,good
41,0.99,AD5,11,5.14,Blue,B,0.5,0.5,5,good
41,0.99,AD5,11,5.14,Blue,B,0,0,6,good
41,0.99,AD5,11,5.14,Blue,B,0.3,0.3,7,good
41,0.99,AD5,11,5.14,Blue,B,0.5,0.6,8,good
57,0.99,AD6,18,4.61,Blue,Y,0.5,0.5,1,good
57,0.99,AD6,18,4.61,Blue,Y,0.5,0.7,2,good
57,0.99,AD6,18,4.61,Blue,Y,0.3,0.7,3,good
57,0.99,AD6,18,4.61,Blue,Y,0.3,0.7,4,good
57,0.99,AD6,18,4.61,Blue,Y,0.6,0.4,5,good
57,0.99,AD6,18,4.61,Blue,Y,0.5,0.5,6,good
57,0.99,AD6,18,4.61,Blue,Y,0.3,0.7,7,good
57,0.99,AD6,18,4.61,Blue,Y,0.4,0.6,8,good
65,0.99,AD6,7,5.06,Yellow,B,0.5,0.5,1,bad
65,0.99,AD6,7,5.06,Yellow,B,0.4,0.6,2,bad
65,0.99,AD6,7,5.06,Yellow,B,0.4,0.6,3,bad
65,0.99,AD6,7,5.06,Yellow,B,0.2,0.8,4,bad
65,0.99,AD6,7,5.06,Yellow,B,0.4,0.5,5,bad
65,0.99,AD6,7,5.06,Yellow,B,0,1,6,bad
65,0.99,AD6,7,5.06,Yellow,B,0.2,0.8,7,bad
65,0.99,AD6,7,5.06,Yellow,B,0.1,0.9,8,bad
93,0.99,AD11,11,5,Yellow,B,0.7,0.3,1,bad
93,0.99,AD11,11,5,Yellow,B,0.6,0.4,2,bad
93,0.99,AD11,11,5,Yellow,B,0.2,0.5,3,bad
93,0.99,AD11,11,5,Yellow,B,0.1,0.1,4,bad
93,0.99,AD11,11,5,Yellow,B,0.5,0.5,5,bad
93,0.99,AD11,11,5,Yellow,B,0.4,0.4,6,bad
93,0.99,AD11,11,5,Yellow,B,0.7,0.7,7,bad
93,0.99,AD11,11,5,Yellow,B,0.4,0.4,8,bad
99,0.99,AD16,69,5.4,Yellow,B,0.8,0.8,1,good
99,0.99,AD16,69,5.4,Yellow,B,0.6,0.6,2,good
99,0.99,AD16,69,5.4,Yellow,B,0.6,0.6,3,good
99,0.99,AD16,69,5.4,Yellow,B,0.9,0.9,4,good
99,0.99,AD16,69,5.4,Yellow,B,0.7,0.7,5,good
99,0.99,AD16,69,5.4,Yellow,B,0.8,0.8,6,good
99,0.99,AD16,69,5.4,Yellow,B,0.6,0.6,7,good
99,0.99,AD16,69,5.4,Yellow,B,0.4,0.4,8,good
112,0.99,AD15,18,5.07,Blue,Y,0,1,1,bad
112,0.99,AD15,18,5.07,Blue,Y,0,1,2,bad
112,0.99,AD15,18,5.07,Blue,Y,0,1,3,bad
112,0.99,AD15,18,5.07,Blue,Y,0,1,4,bad
112,0.99,AD15,18,5.07,Blue,Y,0,1,5,bad
112,0.99,AD15,18,5.07,Blue,Y,0.3,0.7,6,bad
112,0.99,AD15,18,5.07,Blue,Y,0,1,7,bad
112,0.99,AD15,18,5.07,Blue,Y,0,1,8,bad
130,0.99,AD15,41,4.9,Blue,Y,0,1,1,good
130,0.99,AD15,41,4.9,Blue,Y,0,1,2,good
130,0.99,AD15,41,4.9,Blue,Y,0.4,0.6,3,good
130,0.99,AD15,41,4.9,Blue,Y,0.1,0.9,4,good
130,0.99,AD15,41,4.9,Blue,Y,0.3,0.7,5,good
130,0.99,AD15,41,4.9,Blue,Y,0.6,0.4,6,good
130,0.99,AD15,41,4.9,Blue,Y,0.1,0.9,7,good
130,0.99,AD15,41,4.9,Blue,Y,0.4,0.6,8,good
138,0.99,AD15,11,4.97,Yellow,B,0.5,0.5,1,bad
138,0.99,AD15,11,4.97,Yellow,B,0.6,0.6,2,bad
138,0.99,AD15,11,4.97,Yellow,B,0.4,0.7,3,bad
138,0.99,AD15,11,4.97,Yellow,B,0.4,0.7,4,bad
138,0.99,AD15,11,4.97,Yellow,B,0.6,0.5,5,bad
138,0.99,AD15,11,4.97,Yellow,B,0.4,0.3,6,bad
138,0.99,AD15,11,4.97,Yellow,B,0.7,0.7,7,bad
138,0.99,AD15,11,4.97,Yellow,B,0.9,0.7,8,bad
152,0.99,AD15,23,5.09,Blue,Y,0.1,0.9,1,bad
152,0.99,AD15,23,5.09,Blue,Y,0,1,2,bad
152,0.99,AD15,23,5.09,Blue,Y,0,1,3,bad
152,0.99,AD15,23,5.09,Blue,Y,0,1,4,bad
152,0.99,AD15,23,5.09,Blue,Y,0,1,5,bad
152,0.99,AD15,23,5.09,Blue,Y,0,1,6,bad
152,0.99,AD15,23,5.09,Blue,Y,0,1,7,bad
152,0.99,AD15,23,5.09,Blue,Y,0,1,8,bad
180,0.99,AD15,15,5.42,Yellow,B,0.3,0.7,1,bad
180,0.99,AD15,15,5.42,Yellow,B,0.2,0.8,2,bad
180,0.99,AD15,15,5.42,Yellow,B,0.2,1,3,bad
180,0.99,AD15,15,5.42,Yellow,B,0.5,0.5,4,bad
180,0.99,AD15,15,5.42,Yellow,B,0.7,0.7,5,bad
180,0.99,AD15,15,5.42,Yellow,B,0.4,0.4,6,bad
180,0.99,AD15,15,5.42,Yellow,B,0.5,0.5,7,bad
180,0.99,AD15,15,5.42,Yellow,B,0.2,0.2,8,bad
184,0.99,AD15,9,5.27,Yellow,B,0.8,0.8,1,good
184,0.99,AD15,9,5.27,Yellow,B,0.9,0.9,2,good
184,0.99,AD15,9,5.27,Yellow,B,1,1,3,good
184,0.99,AD15,9,5.27,Yellow,B,1,1,4,good
184,0.99,AD15,9,5.27,Yellow,B,1,1,5,good
184,0.99,AD15,9,5.27,Yellow,B,1,1,6,good
184,0.99,AD15,9,5.27,Yellow,B,0.7,0.7,7,good
184,0.99,AD15,9,5.27,Yellow,B,0.8,0.8,8,good
201,0.99,AD16,20,4.46,Blue,B,0.3,0.7,1,bad
201,0.99,AD16,20,4.46,Blue,B,0.2,0.2,2,bad
201,0.99,AD16,20,4.46,Blue,B,0.4,0.4,3,bad
201,0.99,AD16,20,4.46,Blue,B,0.6,0.6,4,bad
201,0.99,AD16,20,4.46,Blue,B,0.8,0.7,5,bad
201,0.99,AD16,20,4.46,Blue,B,0.8,0.2,6,bad
201,0.99,AD16,20,4.46,Blue,B,0.5,0.5,7,bad
201,0.99,AD16,20,4.46,Blue,B,0.3,0.7,8,bad